Domain Code,Domain,Area Code (FAO),Area,Element Code,Element,Item Code (FAO),Item,Year Code,Year,Unit,Value,Flag,Flag Description
"QCL","Crops and livestock products","10","Australia","5312","Area harvested","221","Almonds, with shell","1990","1990","ha","3000","F","FAO estimate"
"QCL","Crops and livestock products","10","Australia","5312","Area harvested","221","Almonds, with shell","1991","1991","ha","3100","F","FAO estimate"
"QCL","Crops and livestock products","10","Australia","5312","Area harvested","221","Almonds, with shell","1992","1992","ha","3900","F","FAO estimate"
"QCL","Crops and livestock products","10","Australia","5312","Area harvested","221","Almonds, with shell","1993","1993","ha","4600","F","FAO estimate"
"QCL","Crops and livestock products","10","Australia","5312","Area harvested","221","Almonds, with shell","1994","1994","ha","4670","F","FAO estimate"
"QCL","Crops and livestock products","10","Australia","5312","Area harvested","221","Almonds, with shell","1995","1995","ha","4700","F","FAO estimate"
"QCL","Crops and livestock products","10","Australia","5312","Area harvested","221","Almonds, with shell","1996","1996","ha","4730","F","FAO estimate"
"QCL","Crops and livestock products","10","Australia","5312","Area harvested","221","Almonds, with shell","1997","1997","ha","4800","F","FAO estimate"
"QCL","Crops and livestock products","10","Australia","5312","Area harvested","221","Almonds, with shell","1998","1998","ha","4850","F","FAO estimate"
"QCL","Crops and livestock products","10","Australia","5312","Area harvested","221","Almonds, with shell","1999","1999","ha","5000","F","FAO estimate"
"QCL","Crops and livestock products","10","Australia","5312","Area harvested","221","Almonds, with shell","2000","2000","ha","5840","F","FAO estimate"
"QCL","Crops and livestock products","10","Australia","5312","Area harvested","221","Almonds, with shell","2001","2001","ha","2157","","Official data"
"QCL","Crops and livestock products","10","Australia","5312","Area harvested","221","Almonds, with shell","2002","2002","ha","2727","","Official data"
"QCL","Crops and livestock products","10","Australia","5312","Area harvested","221","Almonds, with shell","2003","2003","ha","3555","","Official data"
"QCL","Crops and livestock products","10","Australia","5312","Area harvested","221","Almonds, with shell","2004","2004","ha","5053","","Official data"
"QCL","Crops and livestock products","10","Australia","5312","Area harvested","221","Almonds, with shell","2005","2005","ha","5580","","Official data"
"QCL","Crops and livestock products","10","Australia","5312","Area harvested","221","Almonds, with shell","2006","2006","ha","6978","","Official data"
"QCL","Crops and livestock products","10","Australia","5312","Area harvested","221","Almonds, with shell","2007","2007","ha","9376","","Official data"
"QCL","Crops and livestock products","10","Australia","5312","Area harvested","221","Almonds, with shell","2008","2008","ha","12013","","Official data"
"QCL","Crops and livestock products","10","Australia","5312","Area harvested","221","Almonds, with shell","2009","2009","ha","17465","","Official data"
"QCL","Crops and livestock products","10","Australia","5312","Area harvested","221","Almonds, with shell","2010","2010","ha","23797","","Official data"
"QCL","Crops and livestock products","10","Australia","5312","Area harvested","221","Almonds, with shell","2011","2011","ha","25666","","Official data"
"QCL","Crops and livestock products","10","Australia","5312","Area harvested","221","Almonds, with shell","2012","2012","ha","26058","","Official data"
"QCL","Crops and livestock products","10","Australia","5312","Area harvested","221","Almonds, with shell","2013","2013","ha","28586","","Official data"
"QCL","Crops and livestock products","10","Australia","5312","Area harvested","221","Almonds, with shell","2014","2014","ha","28060","","Official data"
"QCL","Crops and livestock products","10","Australia","5312","Area harvested","221","Almonds, with shell","2015","2015","ha","28190","","Official data"
"QCL","Crops and livestock products","10","Australia","5312","Area harvested","221","Almonds, with shell","2016","2016","ha","28553","","Official data"
"QCL","Crops and livestock products","10","Australia","5312","Area harvested","221","Almonds, with shell","2017","2017","ha","29282","","Official data"
"QCL","Crops and livestock products","10","Australia","5312","Area harvested","221","Almonds, with shell","2018","2018","ha","31361","","Official data"
"QCL","Crops and livestock products","10","Australia","5312","Area harvested","221","Almonds, with shell","2019","2019","ha","37903","","Official data"
"QCL","Crops and livestock products","10","Australia","5312","Area harvested","221","Almonds, with shell","2020","2020","ha","39301","Im","FAO data based on imputation methodology"
"QCL","Crops and livestock products","10","Australia","5419","Yield","221","Almonds, with shell","1990","1990","hg/ha","16667","Fc","Calculated data"
"QCL","Crops and livestock products","10","Australia","5419","Yield","221","Almonds, with shell","1991","1991","hg/ha","29032","Fc","Calculated data"
"QCL","Crops and livestock products","10","Australia","5419","Yield","221","Almonds, with shell","1992","1992","hg/ha","24359","Fc","Calculated data"
"QCL","Crops and livestock products","10","Australia","5419","Yield","221","Almonds, with shell","1993","1993","hg/ha","21739","Fc","Calculated data"
"QCL","Crops and livestock products","10","Australia","5419","Yield","221","Almonds, with shell","1994","1994","hg/ha","23555","Fc","Calculated data"
"QCL","Crops and livestock products","10","Australia","5419","Yield","221","Almonds, with shell","1995","1995","hg/ha","26596","Fc","Calculated data"
"QCL","Crops and livestock products","10","Australia","5419","Yield","221","Almonds, with shell","1996","1996","hg/ha","27484","Fc","Calculated data"
"QCL","Crops and livestock products","10","Australia","5419","Yield","221","Almonds, with shell","1997","1997","hg/ha","31250","Fc","Calculated data"
"QCL","Crops and livestock products","10","Australia","5419","Yield","221","Almonds, with shell","1998","1998","hg/ha","36082","Fc","Calculated data"
"QCL","Crops and livestock products","10","Australia","5419","Yield","221","Almonds, with shell","1999","1999","hg/ha","36000","Fc","Calculated data"
"QCL","Crops and livestock products","10","Australia","5419","Yield","221","Almonds, with shell","2000","2000","hg/ha","35959","Fc","Calculated data"
"QCL","Crops and livestock products","10","Australia","5419","Yield","221","Almonds, with shell","2001","2001","hg/ha","93185","Fc","Calculated data"
"QCL","Crops and livestock products","10","Australia","5419","Yield","221","Almonds, with shell","2002","2002","hg/ha","75541","Fc","Calculated data"
"QCL","Crops and livestock products","10","Australia","5419","Yield","221","Almonds, with shell","2003","2003","hg/ha","62447","Fc","Calculated data"
"QCL","Crops and livestock products","10","Australia","5419","Yield","221","Almonds, with shell","2004","2004","hg/ha","50069","Fc","Calculated data"
"QCL","Crops and livestock products","10","Australia","5419","Yield","221","Almonds, with shell","2005","2005","hg/ha","63799","Fc","Calculated data"
"QCL","Crops and livestock products","10","Australia","5419","Yield","221","Almonds, with shell","2006","2006","hg/ha","50158","Fc","Calculated data"
"QCL","Crops and livestock products","10","Australia","5419","Yield","221","Almonds, with shell","2007","2007","hg/ha","62393","Fc","Calculated data"
"QCL","Crops and livestock products","10","Australia","5419","Yield","221","Almonds, with shell","2008","2008","hg/ha","47782","Fc","Calculated data"
"QCL","Crops and livestock products","10","Australia","5419","Yield","221","Almonds, with shell","2009","2009","hg/ha","46035","Fc","Calculated data"
"QCL","Crops and livestock products","10","Australia","5419","Yield","221","Almonds, with shell","2010","2010","hg/ha","36181","Fc","Calculated data"
"QCL","Crops and livestock products","10","Australia","5419","Yield","221","Almonds, with shell","2011","2011","hg/ha","32300","Fc","Calculated data"
"QCL","Crops and livestock products","10","Australia","5419","Yield","221","Almonds, with shell","2012","2012","hg/ha","41907","Fc","Calculated data"
"QCL","Crops and livestock products","10","Australia","5419","Yield","221","Almonds, with shell","2013","2013","hg/ha","56531","Fc","Calculated data"
"QCL","Crops and livestock products","10","Australia","5419","Yield","221","Almonds, with shell","2014","2014","hg/ha","54337","Fc","Calculated data"
"QCL","Crops and livestock products","10","Australia","5419","Yield","221","Almonds, with shell","2015","2015","hg/ha","55090","Fc","Calculated data"
"QCL","Crops and livestock products","10","Australia","5419","Yield","221","Almonds, with shell","2016","2016","hg/ha","61170","Fc","Calculated data"
"QCL","Crops and livestock products","10","Australia","5419","Yield","221","Almonds, with shell","2017","2017","hg/ha","63513","Fc","Calculated data"
"QCL","Crops and livestock products","10","Australia","5419","Yield","221","Almonds, with shell","2018","2018","hg/ha","55164","Fc","Calculated data"
"QCL","Crops and livestock products","10","Australia","5419","Yield","221","Almonds, with shell","2019","2019","hg/ha","55932","Fc","Calculated data"
"QCL","Crops and livestock products","10","Australia","5419","Yield","221","Almonds, with shell","2020","2020","hg/ha","56458","Fc","Calculated data"
"QCL","Crops and livestock products","10","Australia","5510","Production","221","Almonds, with shell","1990","1990","tonnes","5000","F","FAO estimate"
"QCL","Crops and livestock products","10","Australia","5510","Production","221","Almonds, with shell","1991","1991","tonnes","9000","F","FAO estimate"
"QCL","Crops and livestock products","10","Australia","5510","Production","221","Almonds, with shell","1992","1992","tonnes","9500","F","FAO estimate"
"QCL","Crops and livestock products","10","Australia","5510","Production","221","Almonds, with shell","1993","1993","tonnes","10000","F","FAO estimate"
"QCL","Crops and livestock products","10","Australia","5510","Production","221","Almonds, with shell","1994","1994","tonnes","11000","F","FAO estimate"
"QCL","Crops and livestock products","10","Australia","5510","Production","221","Almonds, with shell","1995","1995","tonnes","12500","F","FAO estimate"
"QCL","Crops and livestock products","10","Australia","5510","Production","221","Almonds, with shell","1996","1996","tonnes","13000","F","FAO estimate"
"QCL","Crops and livestock products","10","Australia","5510","Production","221","Almonds, with shell","1997","1997","tonnes","15000","F","FAO estimate"
"QCL","Crops and livestock products","10","Australia","5510","Production","221","Almonds, with shell","1998","1998","tonnes","17500","F","FAO estimate"
"QCL","Crops and livestock products","10","Australia","5510","Production","221","Almonds, with shell","1999","1999","tonnes","18000","F","FAO estimate"
"QCL","Crops and livestock products","10","Australia","5510","Production","221","Almonds, with shell","2000","2000","tonnes","21000","F","FAO estimate"
"QCL","Crops and livestock products","10","Australia","5510","Production","221","Almonds, with shell","2001","2001","tonnes","20100","*","Unofficial figure"
"QCL","Crops and livestock products","10","Australia","5510","Production","221","Almonds, with shell","2002","2002","tonnes","20600","*","Unofficial figure"
"QCL","Crops and livestock products","10","Australia","5510","Production","221","Almonds, with shell","2003","2003","tonnes","22200","*","Unofficial figure"
"QCL","Crops and livestock products","10","Australia","5510","Production","221","Almonds, with shell","2004","2004","tonnes","25300","*","Unofficial figure"
"QCL","Crops and livestock products","10","Australia","5510","Production","221","Almonds, with shell","2005","2005","tonnes","35600","*","Unofficial figure"
"QCL","Crops and livestock products","10","Australia","5510","Production","221","Almonds, with shell","2006","2006","tonnes","35000","*","Unofficial figure"
"QCL","Crops and livestock products","10","Australia","5510","Production","221","Almonds, with shell","2007","2007","tonnes","58500","*","Unofficial figure"
"QCL","Crops and livestock products","10","Australia","5510","Production","221","Almonds, with shell","2008","2008","tonnes","57400","*","Unofficial figure"
"QCL","Crops and livestock products","10","Australia","5510","Production","221","Almonds, with shell","2009","2009","tonnes","80400","*","Unofficial figure"
"QCL","Crops and livestock products","10","Australia","5510","Production","221","Almonds, with shell","2010","2010","tonnes","86100","*","Unofficial figure"
"QCL","Crops and livestock products","10","Australia","5510","Production","221","Almonds, with shell","2011","2011","tonnes","82900","*","Unofficial figure"
"QCL","Crops and livestock products","10","Australia","5510","Production","221","Almonds, with shell","2012","2012","tonnes","109200","*","Unofficial figure"
"QCL","Crops and livestock products","10","Australia","5510","Production","221","Almonds, with shell","2013","2013","tonnes","161600","*","Unofficial figure"
"QCL","Crops and livestock products","10","Australia","5510","Production","221","Almonds, with shell","2014","2014","tonnes","152470","F","FAO estimate"
"QCL","Crops and livestock products","10","Australia","5510","Production","221","Almonds, with shell","2015","2015","tonnes","155300","F","FAO estimate"
"QCL","Crops and livestock products","10","Australia","5510","Production","221","Almonds, with shell","2016","2016","tonnes","174660","F","FAO estimate"
"QCL","Crops and livestock products","10","Australia","5510","Production","221","Almonds, with shell","2017","2017","tonnes","185980","F","FAO estimate"
"QCL","Crops and livestock products","10","Australia","5510","Production","221","Almonds, with shell","2018","2018","tonnes","173000","F","FAO estimate"
"QCL","Crops and livestock products","10","Australia","5510","Production","221","Almonds, with shell","2019","2019","tonnes","212000","F","FAO estimate"
"QCL","Crops and livestock products","10","Australia","5510","Production","221","Almonds, with shell","2020","2020","tonnes","221886","Im","FAO data based on imputation methodology"
"QCL","Crops and livestock products","10","Australia","5312","Area harvested","515","Apples","1990","1990","ha","21100","F","FAO estimate"
"QCL","Crops and livestock products","10","Australia","5312","Area harvested","515","Apples","1991","1991","ha","20400","F","FAO estimate"
"QCL","Crops and livestock products","10","Australia","5312","Area harvested","515","Apples","1992","1992","ha","19700","F","FAO estimate"
"QCL","Crops and livestock products","10","Australia","5312","Area harvested","515","Apples","1993","1993","ha","19700","*","Unofficial figure"
"QCL","Crops and livestock products","10","Australia","5312","Area harvested","515","Apples","1994","1994","ha","19720","*","Unofficial figure"
"QCL","Crops and livestock products","10","Australia","5312","Area harvested","515","Apples","1995","1995","ha","19750","*","Unofficial figure"
"QCL","Crops and livestock products","10","Australia","5312","Area harvested","515","Apples","1996","1996","ha","19750","*","Unofficial figure"
"QCL","Crops and livestock products","10","Australia","5312","Area harvested","515","Apples","1997","1997","ha","19755","*","Unofficial figure"
"QCL","Crops and livestock products","10","Australia","5312","Area harvested","515","Apples","1998","1998","ha","19760","*","Unofficial figure"
"QCL","Crops and livestock products","10","Australia","5312","Area harvested","515","Apples","1999","1999","ha","19760","*","Unofficial figure"
"QCL","Crops and livestock products","10","Australia","5312","Area harvested","515","Apples","2000","2000","ha","19700","*","Unofficial figure"
"QCL","Crops and livestock products","10","Australia","5312","Area harvested","515","Apples","2001","2001","ha","25000","*","Unofficial figure"
"QCL","Crops and livestock products","10","Australia","5312","Area harvested","515","Apples","2002","2002","ha","22000","*","Unofficial figure"
"QCL","Crops and livestock products","10","Australia","5312","Area harvested","515","Apples","2003","2003","ha","21000","*","Unofficial figure"
"QCL","Crops and livestock products","10","Australia","5312","Area harvested","515","Apples","2004","2004","ha","20500","*","Unofficial figure"
"QCL","Crops and livestock products","10","Australia","5312","Area harvested","515","Apples","2005","2005","ha","20500","*","Unofficial figure"
"QCL","Crops and livestock products","10","Australia","5312","Area harvested","515","Apples","2006","2006","ha","20000","*","Unofficial figure"
"QCL","Crops and livestock products","10","Australia","5312","Area harvested","515","Apples","2007","2007","ha","20000","*","Unofficial figure"
"QCL","Crops and livestock products","10","Australia","5312","Area harvested","515","Apples","2008","2008","ha","16441","Im","FAO data based on imputation methodology"
"QCL","Crops and livestock products","10","Australia","5312","Area harvested","515","Apples","2009","2009","ha","22000","F","FAO estimate"
"QCL","Crops and livestock products","10","Australia","5312","Area harvested","515","Apples","2010","2010","ha","16792","Im","FAO data based on imputation methodology"
"QCL","Crops and livestock products","10","Australia","5312","Area harvested","515","Apples","2011","2011","ha","18790","Im","FAO data based on imputation methodology"
"QCL","Crops and livestock products","10","Australia","5312","Area harvested","515","Apples","2012","2012","ha","18056","Im","FAO data based on imputation methodology"
"QCL","Crops and livestock products","10","Australia","5312","Area harvested","515","Apples","2013","2013","ha","18015","Im","FAO data based on imputation methodology"
"QCL","Crops and livestock products","10","Australia","5312","Area harvested","515","Apples","2014","2014","ha","16704","Im","FAO data based on imputation methodology"
"QCL","Crops and livestock products","10","Australia","5312","Area harvested","515","Apples","2015","2015","ha","18508","Im","FAO data based on imputation methodology"
"QCL","Crops and livestock products","10","Australia","5312","Area harvested","515","Apples","2016","2016","ha","19315","Im","FAO data based on imputation methodology"
"QCL","Crops and livestock products","10","Australia","5312","Area harvested","515","Apples","2017","2017","ha","19676","Im","FAO data based on imputation methodology"
"QCL","Crops and livestock products","10","Australia","5312","Area harvested","515","Apples","2018","2018","ha","16849","Im","FAO data based on imputation methodology"
"QCL","Crops and livestock products","10","Australia","5312","Area harvested","515","Apples","2019","2019","ha","16646","Im","FAO data based on imputation methodology"
"QCL","Crops and livestock products","10","Australia","5312","Area harvested","515","Apples","2020","2020","ha","16507","Im","FAO data based on imputation methodology"
"QCL","Crops and livestock products","10","Australia","5419","Yield","515","Apples","1990","1990","hg/ha","151376","Fc","Calculated data"
"QCL","Crops and livestock products","10","Australia","5419","Yield","515","Apples","1991","1991","hg/ha","141534","Fc","Calculated data"
"QCL","Crops and livestock products","10","Australia","5419","Yield","515","Apples","1992","1992","hg/ha","160457","Fc","Calculated data"
"QCL","Crops and livestock products","10","Australia","5419","Yield","515","Apples","1993","1993","hg/ha","166392","Fc","Calculated data"
"QCL","Crops and livestock products","10","Australia","5419","Yield","515","Apples","1994","1994","hg/ha","155639","Fc","Calculated data"
"QCL","Crops and livestock products","10","Australia","5419","Yield","515","Apples","1995","1995","hg/ha","160281","Fc","Calculated data"
"QCL","Crops and livestock products","10","Australia","5419","Yield","515","Apples","1996","1996","hg/ha","141847","Fc","Calculated data"
"QCL","Crops and livestock products","10","Australia","5419","Yield","515","Apples","1997","1997","hg/ha","178724","Fc","Calculated data"
"QCL","Crops and livestock products","10","Australia","5419","Yield","515","Apples","1998","1998","hg/ha","156304","Fc","Calculated data"
"QCL","Crops and livestock products","10","Australia","5419","Yield","515","Apples","1999","1999","hg/ha","169207","Fc","Calculated data"
"QCL","Crops and livestock products","10","Australia","5419","Yield","515","Apples","2000","2000","hg/ha","162260","Fc","Calculated data"
"QCL","Crops and livestock products","10","Australia","5419","Yield","515","Apples","2001","2001","hg/ha","121067","Fc","Calculated data"
"QCL","Crops and livestock products","10","Australia","5419","Yield","515","Apples","2002","2002","hg/ha","131938","Fc","Calculated data"
"QCL","Crops and livestock products","10","Australia","5419","Yield","515","Apples","2003","2003","hg/ha","155272","Fc","Calculated data"
"QCL","Crops and livestock products","10","Australia","5419","Yield","515","Apples","2004","2004","hg/ha","139162","Fc","Calculated data"
"QCL","Crops and livestock products","10","Australia","5419","Yield","515","Apples","2005","2005","hg/ha","220805","Fc","Calculated data"
"QCL","Crops and livestock products","10","Australia","5419","Yield","515","Apples","2006","2006","hg/ha","150626","Fc","Calculated data"
"QCL","Crops and livestock products","10","Australia","5419","Yield","515","Apples","2007","2007","hg/ha","188990","Fc","Calculated data"
"QCL","Crops and livestock products","10","Australia","5419","Yield","515","Apples","2008","2008","hg/ha","161475","Fc","Calculated data"
"QCL","Crops and livestock products","10","Australia","5419","Yield","515","Apples","2009","2009","hg/ha","134152","Fc","Calculated data"
"QCL","Crops and livestock products","10","Australia","5419","Yield","515","Apples","2010","2010","hg/ha","157457","Fc","Calculated data"
"QCL","Crops and livestock products","10","Australia","5419","Yield","515","Apples","2011","2011","hg/ha","159541","Fc","Calculated data"
"QCL","Crops and livestock products","10","Australia","5419","Yield","515","Apples","2012","2012","hg/ha","160093","Fc","Calculated data"
"QCL","Crops and livestock products","10","Australia","5419","Yield","515","Apples","2013","2013","hg/ha","160354","Fc","Calculated data"
"QCL","Crops and livestock products","10","Australia","5419","Yield","515","Apples","2014","2014","hg/ha","159705","Fc","Calculated data"
"QCL","Crops and livestock products","10","Australia","5419","Yield","515","Apples","2015","2015","hg/ha","159496","Fc","Calculated data"
"QCL","Crops and livestock products","10","Australia","5419","Yield","515","Apples","2016","2016","hg/ha","159616","Fc","Calculated data"
"QCL","Crops and livestock products","10","Australia","5419","Yield","515","Apples","2017","2017","hg/ha","159448","Fc","Calculated data"
"QCL","Crops and livestock products","10","Australia","5419","Yield","515","Apples","2018","2018","hg/ha","159271","Fc","Calculated data"
"QCL","Crops and livestock products","10","Australia","5419","Yield","515","Apples","2019","2019","hg/ha","159288","Fc","Calculated data"
"QCL","Crops and livestock products","10","Australia","5419","Yield","515","Apples","2020","2020","hg/ha","159306","Fc","Calculated data"
"QCL","Crops and livestock products","10","Australia","5510","Production","515","Apples","1990","1990","tonnes","319403","","Official data"
"QCL","Crops and livestock products","10","Australia","5510","Production","515","Apples","1991","1991","tonnes","288730","","Official data"
"QCL","Crops and livestock products","10","Australia","5510","Production","515","Apples","1992","1992","tonnes","316101","","Official data"
"QCL","Crops and livestock products","10","Australia","5510","Production","515","Apples","1993","1993","tonnes","327792","","Official data"
"QCL","Crops and livestock products","10","Australia","5510","Production","515","Apples","1994","1994","tonnes","306920","","Official data"
"QCL","Crops and livestock products","10","Australia","5510","Production","515","Apples","1995","1995","tonnes","316555","","Official data"
"QCL","Crops and livestock products","10","Australia","5510","Production","515","Apples","1996","1996","tonnes","280147","","Official data"
"QCL","Crops and livestock products","10","Australia","5510","Production","515","Apples","1997","1997","tonnes","353069","","Official data"
"QCL","Crops and livestock products","10","Australia","5510","Production","515","Apples","1998","1998","tonnes","308856","","Official data"
"QCL","Crops and livestock products","10","Australia","5510","Production","515","Apples","1999","1999","tonnes","334353","","Official data"
"QCL","Crops and livestock products","10","Australia","5510","Production","515","Apples","2000","2000","tonnes","319652","","Official data"
"QCL","Crops and livestock products","10","Australia","5510","Production","515","Apples","2001","2001","tonnes","302668","","Official data"
"QCL","Crops and livestock products","10","Australia","5510","Production","515","Apples","2002","2002","tonnes","290264","","Official data"
"QCL","Crops and livestock products","10","Australia","5510","Production","515","Apples","2003","2003","tonnes","326072","","Official data"
"QCL","Crops and livestock products","10","Australia","5510","Production","515","Apples","2004","2004","tonnes","285282","","Official data"
"QCL","Crops and livestock products","10","Australia","5510","Production","515","Apples","2005","2005","tonnes","452650","","Official data"
"QCL","Crops and livestock products","10","Australia","5510","Production","515","Apples","2006","2006","tonnes","301251","","Official data"
"QCL","Crops and livestock products","10","Australia","5510","Production","515","Apples","2007","2007","tonnes","377980","","Official data"
"QCL","Crops and livestock products","10","Australia","5510","Production","515","Apples","2008","2008","tonnes","265481","","Official data"
"QCL","Crops and livestock products","10","Australia","5510","Production","515","Apples","2009","2009","tonnes","295134","","Official data"
"QCL","Crops and livestock products","10","Australia","5510","Production","515","Apples","2010","2010","tonnes","264401","","Official data"
"QCL","Crops and livestock products","10","Australia","5510","Production","515","Apples","2011","2011","tonnes","299778","","Official data"
"QCL","Crops and livestock products","10","Australia","5510","Production","515","Apples","2012","2012","tonnes","289064","","Official data"
"QCL","Crops and livestock products","10","Australia","5510","Production","515","Apples","2013","2013","tonnes","288878","","Official data"
"QCL","Crops and livestock products","10","Australia","5510","Production","515","Apples","2014","2014","tonnes","266771","","Official data"
"QCL","Crops and livestock products","10","Australia","5510","Production","515","Apples","2015","2015","tonnes","295196","","Official data"
"QCL","Crops and livestock products","10","Australia","5510","Production","515","Apples","2016","2016","tonnes","308298","","Official data"
"QCL","Crops and livestock products","10","Australia","5510","Production","515","Apples","2017","2017","tonnes","313730","","Official data"
"QCL","Crops and livestock products","10","Australia","5510","Production","515","Apples","2018","2018","tonnes","268355","","Official data"
"QCL","Crops and livestock products","10","Australia","5510","Production","515","Apples","2019","2019","tonnes","265150","","Official data"
"QCL","Crops and livestock products","10","Australia","5510","Production","515","Apples","2020","2020","tonnes","262966","","Official data"
"QCL","Crops and livestock products","10","Australia","5312","Area harvested","44","Barley","1990","1990","ha","2450000","F","FAO estimate"
"QCL","Crops and livestock products","10","Australia","5312","Area harvested","44","Barley","1991","1991","ha","2650000","F","FAO estimate"
"QCL","Crops and livestock products","10","Australia","5312","Area harvested","44","Barley","1992","1992","ha","2947000","","Official data"
"QCL","Crops and livestock products","10","Australia","5312","Area harvested","44","Barley","1993","1993","ha","3424470","","Official data"
"QCL","Crops and livestock products","10","Australia","5312","Area harvested","44","Barley","1994","1994","ha","2470490","","Official data"
"QCL","Crops and livestock products","10","Australia","5312","Area harvested","44","Barley","1995","1995","ha","3110590","","Official data"
"QCL","Crops and livestock products","10","Australia","5312","Area harvested","44","Barley","1996","1996","ha","3367000","","Official data"
"QCL","Crops and livestock products","10","Australia","5312","Area harvested","44","Barley","1997","1997","ha","3521000","","Official data"
"QCL","Crops and livestock products","10","Australia","5312","Area harvested","44","Barley","1998","1998","ha","3167000","","Official data"
"QCL","Crops and livestock products","10","Australia","5312","Area harvested","44","Barley","1999","1999","ha","2589000","","Official data"
"QCL","Crops and livestock products","10","Australia","5312","Area harvested","44","Barley","2000","2000","ha","3454000","","Official data"
"QCL","Crops and livestock products","10","Australia","5312","Area harvested","44","Barley","2001","2001","ha","3454047","","Official data"
"QCL","Crops and livestock products","10","Australia","5312","Area harvested","44","Barley","2002","2002","ha","3707378","","Official data"
"QCL","Crops and livestock products","10","Australia","5312","Area harvested","44","Barley","2003","2003","ha","3863778","","Official data"
"QCL","Crops and livestock products","10","Australia","5312","Area harvested","44","Barley","2004","2004","ha","4477024","","Official data"
"QCL","Crops and livestock products","10","Australia","5312","Area harvested","44","Barley","2005","2005","ha","4645658","","Official data"
"QCL","Crops and livestock products","10","Australia","5312","Area harvested","44","Barley","2006","2006","ha","4405727","","Official data"
"QCL","Crops and livestock products","10","Australia","5312","Area harvested","44","Barley","2007","2007","ha","4181979","","Official data"
"QCL","Crops and livestock products","10","Australia","5312","Area harvested","44","Barley","2008","2008","ha","4901838","","Official data"
"QCL","Crops and livestock products","10","Australia","5312","Area harvested","44","Barley","2009","2009","ha","5015011","","Official data"
"QCL","Crops and livestock products","10","Australia","5312","Area harvested","44","Barley","2010","2010","ha","4421596","","Official data"
"QCL","Crops and livestock products","10","Australia","5312","Area harvested","44","Barley","2011","2011","ha","3680994","","Official data"
"QCL","Crops and livestock products","10","Australia","5312","Area harvested","44","Barley","2012","2012","ha","3718261","","Official data"
"QCL","Crops and livestock products","10","Australia","5312","Area harvested","44","Barley","2013","2013","ha","3644368","","Official data"
"QCL","Crops and livestock products","10","Australia","5312","Area harvested","44","Barley","2014","2014","ha","3814113","","Official data"
"QCL","Crops and livestock products","10","Australia","5312","Area harvested","44","Barley","2015","2015","ha","4078041","","Official data"
"QCL","Crops and livestock products","10","Australia","5312","Area harvested","44","Barley","2016","2016","ha","4107648","","Official data"
"QCL","Crops and livestock products","10","Australia","5312","Area harvested","44","Barley","2017","2017","ha","4834102","","Official data"
"QCL","Crops and livestock products","10","Australia","5312","Area harvested","44","Barley","2018","2018","ha","4124158","","Official data"
"QCL","Crops and livestock products","10","Australia","5312","Area harvested","44","Barley","2019","2019","ha","4436588","","Official data"
"QCL","Crops and livestock products","10","Australia","5312","Area harvested","44","Barley","2020","2020","ha","5040903","","Official data"
"QCL","Crops and livestock products","10","Australia","5419","Yield","44","Barley","1990","1990","hg/ha","16766","Fc","Calculated data"
"QCL","Crops and livestock products","10","Australia","5419","Yield","44","Barley","1991","1991","hg/ha","17094","Fc","Calculated data"
"QCL","Crops and livestock products","10","Australia","5419","Yield","44","Barley","1992","1992","hg/ha","18313","Fc","Calculated data"
"QCL","Crops and livestock products","10","Australia","5419","Yield","44","Barley","1993","1993","hg/ha","19472","Fc","Calculated data"
"QCL","Crops and livestock products","10","Australia","5419","Yield","44","Barley","1994","1994","hg/ha","11792","Fc","Calculated data"
"QCL","Crops and livestock products","10","Australia","5419","Yield","44","Barley","1995","1995","hg/ha","18719","Fc","Calculated data"
"QCL","Crops and livestock products","10","Australia","5419","Yield","44","Barley","1996","1996","hg/ha","19887","Fc","Calculated data"
"QCL","Crops and livestock products","10","Australia","5419","Yield","44","Barley","1997","1997","hg/ha","18410","Fc","Calculated data"
"QCL","Crops and livestock products","10","Australia","5419","Yield","44","Barley","1998","1998","hg/ha","18904","Fc","Calculated data"
"QCL","Crops and livestock products","10","Australia","5419","Yield","44","Barley","1999","1999","hg/ha","19479","Fc","Calculated data"
"QCL","Crops and livestock products","10","Australia","5419","Yield","44","Barley","2000","2000","hg/ha","19522","Fc","Calculated data"
"QCL","Crops and livestock products","10","Australia","5419","Yield","44","Barley","2001","2001","hg/ha","19523","Fc","Calculated data"
"QCL","Crops and livestock products","10","Australia","5419","Yield","44","Barley","2002","2002","hg/ha","22333","Fc","Calculated data"
"QCL","Crops and livestock products","10","Australia","5419","Yield","44","Barley","2003","2003","hg/ha","10003","Fc","Calculated data"
"QCL","Crops and livestock products","10","Australia","5419","Yield","44","Barley","2004","2004","hg/ha","23189","Fc","Calculated data"
"QCL","Crops and livestock products","10","Australia","5419","Yield","44","Barley","2005","2005","hg/ha","16660","Fc","Calculated data"
"QCL","Crops and livestock products","10","Australia","5419","Yield","44","Barley","2006","2006","hg/ha","21521","Fc","Calculated data"
"QCL","Crops and livestock products","10","Australia","5419","Yield","44","Barley","2007","2007","hg/ha","10179","Fc","Calculated data"
"QCL","Crops and livestock products","10","Australia","5419","Yield","44","Barley","2008","2008","hg/ha","14607","Fc","Calculated data"
"QCL","Crops and livestock products","10","Australia","5419","Yield","44","Barley","2009","2009","hg/ha","15945","Fc","Calculated data"
"QCL","Crops and livestock products","10","Australia","5419","Yield","44","Barley","2010","2010","hg/ha","17787","Fc","Calculated data"
"QCL","Crops and livestock products","10","Australia","5419","Yield","44","Barley","2011","2011","hg/ha","21719","Fc","Calculated data"
"QCL","Crops and livestock products","10","Australia","5419","Yield","44","Barley","2012","2012","hg/ha","22109","Fc","Calculated data"
"QCL","Crops and livestock products","10","Australia","5419","Yield","44","Barley","2013","2013","hg/ha","20502","Fc","Calculated data"
"QCL","Crops and livestock products","10","Australia","5419","Yield","44","Barley","2014","2014","hg/ha","24054","Fc","Calculated data"
"QCL","Crops and livestock products","10","Australia","5419","Yield","44","Barley","2015","2015","hg/ha","21202","Fc","Calculated data"
"QCL","Crops and livestock products","10","Australia","5419","Yield","44","Barley","2016","2016","hg/ha","21892","Fc","Calculated data"
"QCL","Crops and livestock products","10","Australia","5419","Yield","44","Barley","2017","2017","hg/ha","27939","Fc","Calculated data"
"QCL","Crops and livestock products","10","Australia","5419","Yield","44","Barley","2018","2018","hg/ha","22438","Fc","Calculated data"
"QCL","Crops and livestock products","10","Australia","5419","Yield","44","Barley","2019","2019","hg/ha","19878","Fc","Calculated data"
"QCL","Crops and livestock products","10","Australia","5419","Yield","44","Barley","2020","2020","hg/ha","20090","Fc","Calculated data"
"QCL","Crops and livestock products","10","Australia","5510","Production","44","Barley","1990","1990","tonnes","4107755","","Official data"
"QCL","Crops and livestock products","10","Australia","5510","Production","44","Barley","1991","1991","tonnes","4529797","","Official data"
"QCL","Crops and livestock products","10","Australia","5510","Production","44","Barley","1992","1992","tonnes","5396721","","Official data"
"QCL","Crops and livestock products","10","Australia","5510","Production","44","Barley","1993","1993","tonnes","6668230","","Official data"
"QCL","Crops and livestock products","10","Australia","5510","Production","44","Barley","1994","1994","tonnes","2913190","","Official data"
"QCL","Crops and livestock products","10","Australia","5510","Production","44","Barley","1995","1995","tonnes","5822680","","Official data"
"QCL","Crops and livestock products","10","Australia","5510","Production","44","Barley","1996","1996","tonnes","6696110","","Official data"
"QCL","Crops and livestock products","10","Australia","5510","Production","44","Barley","1997","1997","tonnes","6482000","","Official data"
"QCL","Crops and livestock products","10","Australia","5510","Production","44","Barley","1998","1998","tonnes","5987000","","Official data"
"QCL","Crops and livestock products","10","Australia","5510","Production","44","Barley","1999","1999","tonnes","5043000","","Official data"
"QCL","Crops and livestock products","10","Australia","5510","Production","44","Barley","2000","2000","tonnes","6743000","","Official data"
"QCL","Crops and livestock products","10","Australia","5510","Production","44","Barley","2001","2001","tonnes","6743463","","Official data"
"QCL","Crops and livestock products","10","Australia","5510","Production","44","Barley","2002","2002","tonnes","8279769","","Official data"
"QCL","Crops and livestock products","10","Australia","5510","Production","44","Barley","2003","2003","tonnes","3864833","","Official data"
"QCL","Crops and livestock products","10","Australia","5510","Production","44","Barley","2004","2004","tonnes","10381828","","Official data"
"QCL","Crops and livestock products","10","Australia","5510","Production","44","Barley","2005","2005","tonnes","7739767","","Official data"
"QCL","Crops and livestock products","10","Australia","5510","Production","44","Barley","2006","2006","tonnes","9481741","","Official data"
"QCL","Crops and livestock products","10","Australia","5510","Production","44","Barley","2007","2007","tonnes","4257032","","Official data"
"QCL","Crops and livestock products","10","Australia","5510","Production","44","Barley","2008","2008","tonnes","7160168","","Official data"
"QCL","Crops and livestock products","10","Australia","5510","Production","44","Barley","2009","2009","tonnes","7996506","","Official data"
"QCL","Crops and livestock products","10","Australia","5510","Production","44","Barley","2010","2010","tonnes","7864551","","Official data"
"QCL","Crops and livestock products","10","Australia","5510","Production","44","Barley","2011","2011","tonnes","7994720","","Official data"
"QCL","Crops and livestock products","10","Australia","5510","Production","44","Barley","2012","2012","tonnes","8220863","","Official data"
"QCL","Crops and livestock products","10","Australia","5510","Production","44","Barley","2013","2013","tonnes","7471592","","Official data"
"QCL","Crops and livestock products","10","Australia","5510","Production","44","Barley","2014","2014","tonnes","9174417","","Official data"
"QCL","Crops and livestock products","10","Australia","5510","Production","44","Barley","2015","2015","tonnes","8646321","","Official data"
"QCL","Crops and livestock products","10","Australia","5510","Production","44","Barley","2016","2016","tonnes","8992274","","Official data"
"QCL","Crops and livestock products","10","Australia","5510","Production","44","Barley","2017","2017","tonnes","13505990","","Official data"
"QCL","Crops and livestock products","10","Australia","5510","Production","44","Barley","2018","2018","tonnes","9253852","","Official data"
"QCL","Crops and livestock products","10","Australia","5510","Production","44","Barley","2019","2019","tonnes","8818946","","Official data"
"QCL","Crops and livestock products","10","Australia","5510","Production","44","Barley","2020","2020","tonnes","10127175","","Official data"
"QCL","Crops and livestock products","10","Australia","5312","Area harvested","56","Maize","1990","1990","ha","52301","","Official data"
"QCL","Crops and livestock products","10","Australia","5312","Area harvested","56","Maize","1991","1991","ha","48500","","Official data"
"QCL","Crops and livestock products","10","Australia","5312","Area harvested","56","Maize","1992","1992","ha","52000","","Official data"
"QCL","Crops and livestock products","10","Australia","5312","Area harvested","56","Maize","1993","1993","ha","44908","","Official data"
"QCL","Crops and livestock products","10","Australia","5312","Area harvested","56","Maize","1994","1994","ha","43778","","Official data"
"QCL","Crops and livestock products","10","Australia","5312","Area harvested","56","Maize","1995","1995","ha","50219","","Official data"
"QCL","Crops and livestock products","10","Australia","5312","Area harvested","56","Maize","1996","1996","ha","56337","","Official data"
"QCL","Crops and livestock products","10","Australia","5312","Area harvested","56","Maize","1997","1997","ha","67000","","Official data"
"QCL","Crops and livestock products","10","Australia","5312","Area harvested","56","Maize","1998","1998","ha","57000","","Official data"
"QCL","Crops and livestock products","10","Australia","5312","Area harvested","56","Maize","1999","1999","ha","66000","","Official data"
"QCL","Crops and livestock products","10","Australia","5312","Area harvested","56","Maize","2000","2000","ha","82262","","Official data"
"QCL","Crops and livestock products","10","Australia","5312","Area harvested","56","Maize","2001","2001","ha","74225","","Official data"
"QCL","Crops and livestock products","10","Australia","5312","Area harvested","56","Maize","2002","2002","ha","82626","","Official data"
"QCL","Crops and livestock products","10","Australia","5312","Area harvested","56","Maize","2003","2003","ha","49552","","Official data"
"QCL","Crops and livestock products","10","Australia","5312","Area harvested","56","Maize","2004","2004","ha","70126","","Official data"
"QCL","Crops and livestock products","10","Australia","5312","Area harvested","56","Maize","2005","2005","ha","72378","","Official data"
"QCL","Crops and livestock products","10","Australia","5312","Area harvested","56","Maize","2006","2006","ha","67215","","Official data"
"QCL","Crops and livestock products","10","Australia","5312","Area harvested","56","Maize","2007","2007","ha","48852","","Official data"
"QCL","Crops and livestock products","10","Australia","5312","Area harvested","56","Maize","2008","2008","ha","68000","","Official data"
"QCL","Crops and livestock products","10","Australia","5312","Area harvested","56","Maize","2009","2009","ha","64580","","Official data"
"QCL","Crops and livestock products","10","Australia","5312","Area harvested","56","Maize","2010","2010","ha","59000","","Official data"
"QCL","Crops and livestock products","10","Australia","5312","Area harvested","56","Maize","2011","2011","ha","62196","","Official data"
"QCL","Crops and livestock products","10","Australia","5312","Area harvested","56","Maize","2012","2012","ha","69684","","Official data"
"QCL","Crops and livestock products","10","Australia","5312","Area harvested","56","Maize","2013","2013","ha","78634","","Official data"
"QCL","Crops and livestock products","10","Australia","5312","Area harvested","56","Maize","2014","2014","ha","52360","","Official data"
"QCL","Crops and livestock products","10","Australia","5312","Area harvested","56","Maize","2015","2015","ha","59588","","Official data"
"QCL","Crops and livestock products","10","Australia","5312","Area harvested","56","Maize","2016","2016","ha","53281","","Official data"
"QCL","Crops and livestock products","10","Australia","5312","Area harvested","56","Maize","2017","2017","ha","67771","","Official data"
"QCL","Crops and livestock products","10","Australia","5312","Area harvested","56","Maize","2018","2018","ha","52783","","Official data"
"QCL","Crops and livestock products","10","Australia","5312","Area harvested","56","Maize","2019","2019","ha","58949","","Official data"
"QCL","Crops and livestock products","10","Australia","5312","Area harvested","56","Maize","2020","2020","ha","37730","","Official data"
"QCL","Crops and livestock products","10","Australia","5419","Yield","56","Maize","1990","1990","hg/ha","41821","Fc","Calculated data"
"QCL","Crops and livestock products","10","Australia","5419","Yield","56","Maize","1991","1991","hg/ha","39938","Fc","Calculated data"
"QCL","Crops and livestock products","10","Australia","5419","Yield","56","Maize","1992","1992","hg/ha","51721","Fc","Calculated data"
"QCL","Crops and livestock products","10","Australia","5419","Yield","56","Maize","1993","1993","hg/ha","44261","Fc","Calculated data"
"QCL","Crops and livestock products","10","Australia","5419","Yield","56","Maize","1994","1994","hg/ha","46620","Fc","Calculated data"
"QCL","Crops and livestock products","10","Australia","5419","Yield","56","Maize","1995","1995","hg/ha","48263","Fc","Calculated data"
"QCL","Crops and livestock products","10","Australia","5419","Yield","56","Maize","1996","1996","hg/ha","57689","Fc","Calculated data"
"QCL","Crops and livestock products","10","Australia","5419","Yield","56","Maize","1997","1997","hg/ha","59403","Fc","Calculated data"
"QCL","Crops and livestock products","10","Australia","5419","Yield","56","Maize","1998","1998","hg/ha","47544","Fc","Calculated data"
"QCL","Crops and livestock products","10","Australia","5419","Yield","56","Maize","1999","1999","hg/ha","51212","Fc","Calculated data"
"QCL","Crops and livestock products","10","Australia","5419","Yield","56","Maize","2000","2000","hg/ha","49360","Fc","Calculated data"
"QCL","Crops and livestock products","10","Australia","5419","Yield","56","Maize","2001","2001","hg/ha","46471","Fc","Calculated data"
"QCL","Crops and livestock products","10","Australia","5419","Yield","56","Maize","2002","2002","hg/ha","54929","Fc","Calculated data"
"QCL","Crops and livestock products","10","Australia","5419","Yield","56","Maize","2003","2003","hg/ha","62570","Fc","Calculated data"
"QCL","Crops and livestock products","10","Australia","5419","Yield","56","Maize","2004","2004","hg/ha","56326","Fc","Calculated data"
"QCL","Crops and livestock products","10","Australia","5419","Yield","56","Maize","2005","2005","hg/ha","57983","Fc","Calculated data"
"QCL","Crops and livestock products","10","Australia","5419","Yield","56","Maize","2006","2006","hg/ha","53856","Fc","Calculated data"
"QCL","Crops and livestock products","10","Australia","5419","Yield","56","Maize","2007","2007","hg/ha","49103","Fc","Calculated data"
"QCL","Crops and livestock products","10","Australia","5419","Yield","56","Maize","2008","2008","hg/ha","56912","Fc","Calculated data"
"QCL","Crops and livestock products","10","Australia","5419","Yield","56","Maize","2009","2009","hg/ha","58171","Fc","Calculated data"
"QCL","Crops and livestock products","10","Australia","5419","Yield","56","Maize","2010","2010","hg/ha","55593","Fc","Calculated data"
"QCL","Crops and livestock products","10","Australia","5419","Yield","56","Maize","2011","2011","hg/ha","57390","Fc","Calculated data"
"QCL","Crops and livestock products","10","Australia","5419","Yield","56","Maize","2012","2012","hg/ha","64654","Fc","Calculated data"
"QCL","Crops and livestock products","10","Australia","5419","Yield","56","Maize","2013","2013","hg/ha","64441","Fc","Calculated data"
"QCL","Crops and livestock products","10","Australia","5419","Yield","56","Maize","2014","2014","hg/ha","74554","Fc","Calculated data"
"QCL","Crops and livestock products","10","Australia","5419","Yield","56","Maize","2015","2015","hg/ha","83001","Fc","Calculated data"
"QCL","Crops and livestock products","10","Australia","5419","Yield","56","Maize","2016","2016","hg/ha","75080","Fc","Calculated data"
"QCL","Crops and livestock products","10","Australia","5419","Yield","56","Maize","2017","2017","hg/ha","64363","Fc","Calculated data"
"QCL","Crops and livestock products","10","Australia","5419","Yield","56","Maize","2018","2018","hg/ha","73365","Fc","Calculated data"
"QCL","Crops and livestock products","10","Australia","5419","Yield","56","Maize","2019","2019","hg/ha","55507","Fc","Calculated data"
"QCL","Crops and livestock products","10","Australia","5419","Yield","56","Maize","2020","2020","hg/ha","70912","Fc","Calculated data"
"QCL","Crops and livestock products","10","Australia","5510","Production","56","Maize","1990","1990","tonnes","218730","","Official data"
"QCL","Crops and livestock products","10","Australia","5510","Production","56","Maize","1991","1991","tonnes","193701","","Official data"
"QCL","Crops and livestock products","10","Australia","5510","Production","56","Maize","1992","1992","tonnes","268947","","Official data"
"QCL","Crops and livestock products","10","Australia","5510","Production","56","Maize","1993","1993","tonnes","198766","","Official data"
"QCL","Crops and livestock products","10","Australia","5510","Production","56","Maize","1994","1994","tonnes","204095","","Official data"
"QCL","Crops and livestock products","10","Australia","5510","Production","56","Maize","1995","1995","tonnes","242370","","Official data"
"QCL","Crops and livestock products","10","Australia","5510","Production","56","Maize","1996","1996","tonnes","325000","","Official data"
"QCL","Crops and livestock products","10","Australia","5510","Production","56","Maize","1997","1997","tonnes","398000","","Official data"
"QCL","Crops and livestock products","10","Australia","5510","Production","56","Maize","1998","1998","tonnes","271000","","Official data"
"QCL","Crops and livestock products","10","Australia","5510","Production","56","Maize","1999","1999","tonnes","338000","","Official data"
"QCL","Crops and livestock products","10","Australia","5510","Production","56","Maize","2000","2000","tonnes","406043","","Official data"
"QCL","Crops and livestock products","10","Australia","5510","Production","56","Maize","2001","2001","tonnes","344934","","Official data"
"QCL","Crops and livestock products","10","Australia","5510","Production","56","Maize","2002","2002","tonnes","453853","","Official data"
"QCL","Crops and livestock products","10","Australia","5510","Production","56","Maize","2003","2003","tonnes","310049","","Official data"
"QCL","Crops and livestock products","10","Australia","5510","Production","56","Maize","2004","2004","tonnes","394990","","Official data"
"QCL","Crops and livestock products","10","Australia","5510","Production","56","Maize","2005","2005","tonnes","419672","","Official data"
"QCL","Crops and livestock products","10","Australia","5510","Production","56","Maize","2006","2006","tonnes","361991","","Official data"
"QCL","Crops and livestock products","10","Australia","5510","Production","56","Maize","2007","2007","tonnes","239879","","Official data"
"QCL","Crops and livestock products","10","Australia","5510","Production","56","Maize","2008","2008","tonnes","387000","","Official data"
"QCL","Crops and livestock products","10","Australia","5510","Production","56","Maize","2009","2009","tonnes","375670","","Official data"
"QCL","Crops and livestock products","10","Australia","5510","Production","56","Maize","2010","2010","tonnes","328000","","Official data"
"QCL","Crops and livestock products","10","Australia","5510","Production","56","Maize","2011","2011","tonnes","356943","","Official data"
"QCL","Crops and livestock products","10","Australia","5510","Production","56","Maize","2012","2012","tonnes","450535","","Official data"
"QCL","Crops and livestock products","10","Australia","5510","Production","56","Maize","2013","2013","tonnes","506725","","Official data"
"QCL","Crops and livestock products","10","Australia","5510","Production","56","Maize","2014","2014","tonnes","390364","","Official data"
"QCL","Crops and livestock products","10","Australia","5510","Production","56","Maize","2015","2015","tonnes","494589","","Official data"
"QCL","Crops and livestock products","10","Australia","5510","Production","56","Maize","2016","2016","tonnes","400032","","Official data"
"QCL","Crops and livestock products","10","Australia","5510","Production","56","Maize","2017","2017","tonnes","436194","","Official data"
"QCL","Crops and livestock products","10","Australia","5510","Production","56","Maize","2018","2018","tonnes","387240","","Official data"
"QCL","Crops and livestock products","10","Australia","5510","Production","56","Maize","2019","2019","tonnes","327206","","Official data"
"QCL","Crops and livestock products","10","Australia","5510","Production","56","Maize","2020","2020","tonnes","267552","","Official data"
"QCL","Crops and livestock products","10","Australia","5312","Area harvested","75","Oats","1990","1990","ha","1043608","","Official data"
"QCL","Crops and livestock products","10","Australia","5312","Area harvested","75","Oats","1991","1991","ha","1160000","","Official data"
"QCL","Crops and livestock products","10","Australia","5312","Area harvested","75","Oats","1992","1992","ha","1149140","","Official data"
"QCL","Crops and livestock products","10","Australia","5312","Area harvested","75","Oats","1993","1993","ha","947000","","Official data"
"QCL","Crops and livestock products","10","Australia","5312","Area harvested","75","Oats","1994","1994","ha","897000","","Official data"
"QCL","Crops and livestock products","10","Australia","5312","Area harvested","75","Oats","1995","1995","ha","1136000","","Official data"
"QCL","Crops and livestock products","10","Australia","5312","Area harvested","75","Oats","1996","1996","ha","1052000","","Official data"
"QCL","Crops and livestock products","10","Australia","5312","Area harvested","75","Oats","1997","1997","ha","937000","","Official data"
"QCL","Crops and livestock products","10","Australia","5312","Area harvested","75","Oats","1998","1998","ha","909000","","Official data"
"QCL","Crops and livestock products","10","Australia","5312","Area harvested","75","Oats","1999","1999","ha","584000","","Official data"
"QCL","Crops and livestock products","10","Australia","5312","Area harvested","75","Oats","2000","2000","ha","650000","","Official data"
"QCL","Crops and livestock products","10","Australia","5312","Area harvested","75","Oats","2001","2001","ha","650488","","Official data"
"QCL","Crops and livestock products","10","Australia","5312","Area harvested","75","Oats","2002","2002","ha","784081","","Official data"
"QCL","Crops and livestock products","10","Australia","5312","Area harvested","75","Oats","2003","2003","ha","911464","","Official data"
"QCL","Crops and livestock products","10","Australia","5312","Area harvested","75","Oats","2004","2004","ha","1089303","","Official data"
"QCL","Crops and livestock products","10","Australia","5312","Area harvested","75","Oats","2005","2005","ha","893644","","Official data"
"QCL","Crops and livestock products","10","Australia","5312","Area harvested","75","Oats","2006","2006","ha","930331","","Official data"
"QCL","Crops and livestock products","10","Australia","5312","Area harvested","75","Oats","2007","2007","ha","1002685","","Official data"
"QCL","Crops and livestock products","10","Australia","5312","Area harvested","75","Oats","2008","2008","ha","1237824","","Official data"
"QCL","Crops and livestock products","10","Australia","5312","Area harvested","75","Oats","2009","2009","ha","870328","","Official data"
"QCL","Crops and livestock products","10","Australia","5312","Area harvested","75","Oats","2010","2010","ha","850077","","Official data"
"QCL","Crops and livestock products","10","Australia","5312","Area harvested","75","Oats","2011","2011","ha","826031","","Official data"
"QCL","Crops and livestock products","10","Australia","5312","Area harvested","75","Oats","2012","2012","ha","731144","","Official data"
"QCL","Crops and livestock products","10","Australia","5312","Area harvested","75","Oats","2013","2013","ha","728575","","Official data"
"QCL","Crops and livestock products","10","Australia","5312","Area harvested","75","Oats","2014","2014","ha","714699","","Official data"
"QCL","Crops and livestock products","10","Australia","5312","Area harvested","75","Oats","2015","2015","ha","854417","","Official data"
"QCL","Crops and livestock products","10","Australia","5312","Area harvested","75","Oats","2016","2016","ha","821498","","Official data"
"QCL","Crops and livestock products","10","Australia","5312","Area harvested","75","Oats","2017","2017","ha","1027872","","Official data"
"QCL","Crops and livestock products","10","Australia","5312","Area harvested","75","Oats","2018","2018","ha","874136","","Official data"
"QCL","Crops and livestock products","10","Australia","5312","Area harvested","75","Oats","2019","2019","ha","938129","","Official data"
"QCL","Crops and livestock products","10","Australia","5312","Area harvested","75","Oats","2020","2020","ha","815954","","Official data"
"QCL","Crops and livestock products","10","Australia","5419","Yield","75","Oats","1990","1990","hg/ha","14659","Fc","Calculated data"
"QCL","Crops and livestock products","10","Australia","5419","Yield","75","Oats","1991","1991","hg/ha","14567","Fc","Calculated data"
"QCL","Crops and livestock products","10","Australia","5419","Yield","75","Oats","1992","1992","hg/ha","16853","Fc","Calculated data"
"QCL","Crops and livestock products","10","Australia","5419","Yield","75","Oats","1993","1993","hg/ha","17392","Fc","Calculated data"
"QCL","Crops and livestock products","10","Australia","5419","Yield","75","Oats","1994","1994","hg/ha","10301","Fc","Calculated data"
"QCL","Crops and livestock products","10","Australia","5419","Yield","75","Oats","1995","1995","hg/ha","16505","Fc","Calculated data"
"QCL","Crops and livestock products","10","Australia","5419","Yield","75","Oats","1996","1996","hg/ha","15713","Fc","Calculated data"
"QCL","Crops and livestock products","10","Australia","5419","Yield","75","Oats","1997","1997","hg/ha","17439","Fc","Calculated data"
"QCL","Crops and livestock products","10","Australia","5419","Yield","75","Oats","1998","1998","hg/ha","19780","Fc","Calculated data"
"QCL","Crops and livestock products","10","Australia","5419","Yield","75","Oats","1999","1999","hg/ha","19144","Fc","Calculated data"
"QCL","Crops and livestock products","10","Australia","5419","Yield","75","Oats","2000","2000","hg/ha","16154","Fc","Calculated data"
"QCL","Crops and livestock products","10","Australia","5419","Yield","75","Oats","2001","2001","hg/ha","16139","Fc","Calculated data"
"QCL","Crops and livestock products","10","Australia","5419","Yield","75","Oats","2002","2002","hg/ha","18284","Fc","Calculated data"
"QCL","Crops and livestock products","10","Australia","5419","Yield","75","Oats","2003","2003","hg/ha","10501","Fc","Calculated data"
"QCL","Crops and livestock products","10","Australia","5419","Yield","75","Oats","2004","2004","hg/ha","18527","Fc","Calculated data"
"QCL","Crops and livestock products","10","Australia","5419","Yield","75","Oats","2005","2005","hg/ha","14352","Fc","Calculated data"
"QCL","Crops and livestock products","10","Australia","5419","Yield","75","Oats","2006","2006","hg/ha","18145","Fc","Calculated data"
"QCL","Crops and livestock products","10","Australia","5419","Yield","75","Oats","2007","2007","hg/ha","7463","Fc","Calculated data"
"QCL","Crops and livestock products","10","Australia","5419","Yield","75","Oats","2008","2008","hg/ha","12137","Fc","Calculated data"
"QCL","Crops and livestock products","10","Australia","5419","Yield","75","Oats","2009","2009","hg/ha","13329","Fc","Calculated data"
"QCL","Crops and livestock products","10","Australia","5419","Yield","75","Oats","2010","2010","hg/ha","13665","Fc","Calculated data"
"QCL","Crops and livestock products","10","Australia","5419","Yield","75","Oats","2011","2011","hg/ha","13652","Fc","Calculated data"
"QCL","Crops and livestock products","10","Australia","5419","Yield","75","Oats","2012","2012","hg/ha","17261","Fc","Calculated data"
"QCL","Crops and livestock products","10","Australia","5419","Yield","75","Oats","2013","2013","hg/ha","15388","Fc","Calculated data"
"QCL","Crops and livestock products","10","Australia","5419","Yield","75","Oats","2014","2014","hg/ha","17555","Fc","Calculated data"
"QCL","Crops and livestock products","10","Australia","5419","Yield","75","Oats","2015","2015","hg/ha","14021","Fc","Calculated data"
"QCL","Crops and livestock products","10","Australia","5419","Yield","75","Oats","2016","2016","hg/ha","15821","Fc","Calculated data"
"QCL","Crops and livestock products","10","Australia","5419","Yield","75","Oats","2017","2017","hg/ha","22041","Fc","Calculated data"
"QCL","Crops and livestock products","10","Australia","5419","Yield","75","Oats","2018","2018","hg/ha","14046","Fc","Calculated data"
"QCL","Crops and livestock products","10","Australia","5419","Yield","75","Oats","2019","2019","hg/ha","12094","Fc","Calculated data"
"QCL","Crops and livestock products","10","Australia","5419","Yield","75","Oats","2020","2020","hg/ha","14007","Fc","Calculated data"
"QCL","Crops and livestock products","10","Australia","5510","Production","75","Oats","1990","1990","tonnes","1529841","","Official data"
"QCL","Crops and livestock products","10","Australia","5510","Production","75","Oats","1991","1991","tonnes","1689829","","Official data"
"QCL","Crops and livestock products","10","Australia","5510","Production","75","Oats","1992","1992","tonnes","1936590","","Official data"
"QCL","Crops and livestock products","10","Australia","5510","Production","75","Oats","1993","1993","tonnes","1647000","","Official data"
"QCL","Crops and livestock products","10","Australia","5510","Production","75","Oats","1994","1994","tonnes","924000","","Official data"
"QCL","Crops and livestock products","10","Australia","5510","Production","75","Oats","1995","1995","tonnes","1875000","","Official data"
"QCL","Crops and livestock products","10","Australia","5510","Production","75","Oats","1996","1996","tonnes","1653000","","Official data"
"QCL","Crops and livestock products","10","Australia","5510","Production","75","Oats","1997","1997","tonnes","1634000","","Official data"
"QCL","Crops and livestock products","10","Australia","5510","Production","75","Oats","1998","1998","tonnes","1798000","","Official data"
"QCL","Crops and livestock products","10","Australia","5510","Production","75","Oats","1999","1999","tonnes","1118000","","Official data"
"QCL","Crops and livestock products","10","Australia","5510","Production","75","Oats","2000","2000","tonnes","1050000","","Official data"
"QCL","Crops and livestock products","10","Australia","5510","Production","75","Oats","2001","2001","tonnes","1049826","","Official data"
"QCL","Crops and livestock products","10","Australia","5510","Production","75","Oats","2002","2002","tonnes","1433651","","Official data"
"QCL","Crops and livestock products","10","Australia","5510","Production","75","Oats","2003","2003","tonnes","957104","","Official data"
"QCL","Crops and livestock products","10","Australia","5510","Production","75","Oats","2004","2004","tonnes","2018103","","Official data"
"QCL","Crops and livestock products","10","Australia","5510","Production","75","Oats","2005","2005","tonnes","1282537","","Official data"
"QCL","Crops and livestock products","10","Australia","5510","Production","75","Oats","2006","2006","tonnes","1688047","","Official data"
"QCL","Crops and livestock products","10","Australia","5510","Production","75","Oats","2007","2007","tonnes","748303","","Official data"
"QCL","Crops and livestock products","10","Australia","5510","Production","75","Oats","2008","2008","tonnes","1502305","","Official data"
"QCL","Crops and livestock products","10","Australia","5510","Production","75","Oats","2009","2009","tonnes","1160028","","Official data"
"QCL","Crops and livestock products","10","Australia","5510","Production","75","Oats","2010","2010","tonnes","1161606","","Official data"
"QCL","Crops and livestock products","10","Australia","5510","Production","75","Oats","2011","2011","tonnes","1127683","","Official data"
"QCL","Crops and livestock products","10","Australia","5510","Production","75","Oats","2012","2012","tonnes","1262032","","Official data"
"QCL","Crops and livestock products","10","Australia","5510","Production","75","Oats","2013","2013","tonnes","1121135","","Official data"
"QCL","Crops and livestock products","10","Australia","5510","Production","75","Oats","2014","2014","tonnes","1254659","","Official data"
"QCL","Crops and livestock products","10","Australia","5510","Production","75","Oats","2015","2015","tonnes","1198006","","Official data"
"QCL","Crops and livestock products","10","Australia","5510","Production","75","Oats","2016","2016","tonnes","1299680","","Official data"
"QCL","Crops and livestock products","10","Australia","5510","Production","75","Oats","2017","2017","tonnes","2265503","","Official data"
"QCL","Crops and livestock products","10","Australia","5510","Production","75","Oats","2018","2018","tonnes","1227837","","Official data"
"QCL","Crops and livestock products","10","Australia","5510","Production","75","Oats","2019","2019","tonnes","1134619","","Official data"
"QCL","Crops and livestock products","10","Australia","5510","Production","75","Oats","2020","2020","tonnes","1142934","","Official data"
"QCL","Crops and livestock products","10","Australia","5312","Area harvested","83","Sorghum","1990","1990","ha","380034","","Official data"
"QCL","Crops and livestock products","10","Australia","5312","Area harvested","83","Sorghum","1991","1991","ha","377801","","Official data"
"QCL","Crops and livestock products","10","Australia","5312","Area harvested","83","Sorghum","1992","1992","ha","569137","","Official data"
"QCL","Crops and livestock products","10","Australia","5312","Area harvested","83","Sorghum","1993","1993","ha","427000","","Official data"
"QCL","Crops and livestock products","10","Australia","5312","Area harvested","83","Sorghum","1994","1994","ha","499461","","Official data"
"QCL","Crops and livestock products","10","Australia","5312","Area harvested","83","Sorghum","1995","1995","ha","686246","","Official data"
"QCL","Crops and livestock products","10","Australia","5312","Area harvested","83","Sorghum","1996","1996","ha","769928","","Official data"
"QCL","Crops and livestock products","10","Australia","5312","Area harvested","83","Sorghum","1997","1997","ha","544000","","Official data"
"QCL","Crops and livestock products","10","Australia","5312","Area harvested","83","Sorghum","1998","1998","ha","507000","","Official data"
"QCL","Crops and livestock products","10","Australia","5312","Area harvested","83","Sorghum","1999","1999","ha","587000","","Official data"
"QCL","Crops and livestock products","10","Australia","5312","Area harvested","83","Sorghum","2000","2000","ha","622267","","Official data"
"QCL","Crops and livestock products","10","Australia","5312","Area harvested","83","Sorghum","2001","2001","ha","757727","","Official data"
"QCL","Crops and livestock products","10","Australia","5312","Area harvested","83","Sorghum","2002","2002","ha","822771","","Official data"
"QCL","Crops and livestock products","10","Australia","5312","Area harvested","83","Sorghum","2003","2003","ha","666721","","Official data"
"QCL","Crops and livestock products","10","Australia","5312","Area harvested","83","Sorghum","2004","2004","ha","734234","","Official data"
"QCL","Crops and livestock products","10","Australia","5312","Area harvested","83","Sorghum","2005","2005","ha","755029","","Official data"
"QCL","Crops and livestock products","10","Australia","5312","Area harvested","83","Sorghum","2006","2006","ha","766680","","Official data"
"QCL","Crops and livestock products","10","Australia","5312","Area harvested","83","Sorghum","2007","2007","ha","613341","","Official data"
"QCL","Crops and livestock products","10","Australia","5312","Area harvested","83","Sorghum","2008","2008","ha","941550","","Official data"
"QCL","Crops and livestock products","10","Australia","5312","Area harvested","83","Sorghum","2009","2009","ha","766986","","Official data"
"QCL","Crops and livestock products","10","Australia","5312","Area harvested","83","Sorghum","2010","2010","ha","497909","","Official data"
"QCL","Crops and livestock products","10","Australia","5312","Area harvested","83","Sorghum","2011","2011","ha","633071","","Official data"
"QCL","Crops and livestock products","10","Australia","5312","Area harvested","83","Sorghum","2012","2012","ha","659279","","Official data"
"QCL","Crops and livestock products","10","Australia","5312","Area harvested","83","Sorghum","2013","2013","ha","647812","","Official data"
"QCL","Crops and livestock products","10","Australia","5312","Area harvested","83","Sorghum","2014","2014","ha","531996","","Official data"
"QCL","Crops and livestock products","10","Australia","5312","Area harvested","83","Sorghum","2015","2015","ha","732473","","Official data"
"QCL","Crops and livestock products","10","Australia","5312","Area harvested","83","Sorghum","2016","2016","ha","520527","","Official data"
"QCL","Crops and livestock products","10","Australia","5312","Area harvested","83","Sorghum","2017","2017","ha","367920","","Official data"
"QCL","Crops and livestock products","10","Australia","5312","Area harvested","83","Sorghum","2018","2018","ha","462191","","Official data"
"QCL","Crops and livestock products","10","Australia","5312","Area harvested","83","Sorghum","2019","2019","ha","550279","","Official data"
"QCL","Crops and livestock products","10","Australia","5312","Area harvested","83","Sorghum","2020","2020","ha","204113","","Official data"
"QCL","Crops and livestock products","10","Australia","5419","Yield","83","Sorghum","1990","1990","hg/ha","24883","Fc","Calculated data"
"QCL","Crops and livestock products","10","Australia","5419","Yield","83","Sorghum","1991","1991","hg/ha","19865","Fc","Calculated data"
"QCL","Crops and livestock products","10","Australia","5419","Yield","83","Sorghum","1992","1992","hg/ha","25431","Fc","Calculated data"
"QCL","Crops and livestock products","10","Australia","5419","Yield","83","Sorghum","1993","1993","hg/ha","12834","Fc","Calculated data"
"QCL","Crops and livestock products","10","Australia","5419","Yield","83","Sorghum","1994","1994","hg/ha","21697","Fc","Calculated data"
"QCL","Crops and livestock products","10","Australia","5419","Yield","83","Sorghum","1995","1995","hg/ha","18555","Fc","Calculated data"
"QCL","Crops and livestock products","10","Australia","5419","Yield","83","Sorghum","1996","1996","hg/ha","20677","Fc","Calculated data"
"QCL","Crops and livestock products","10","Australia","5419","Yield","83","Sorghum","1997","1997","hg/ha","26195","Fc","Calculated data"
"QCL","Crops and livestock products","10","Australia","5419","Yield","83","Sorghum","1998","1998","hg/ha","21321","Fc","Calculated data"
"QCL","Crops and livestock products","10","Australia","5419","Yield","83","Sorghum","1999","1999","hg/ha","32215","Fc","Calculated data"
"QCL","Crops and livestock products","10","Australia","5419","Yield","83","Sorghum","2000","2000","hg/ha","34003","Fc","Calculated data"
"QCL","Crops and livestock products","10","Australia","5419","Yield","83","Sorghum","2001","2001","hg/ha","25539","Fc","Calculated data"
"QCL","Crops and livestock products","10","Australia","5419","Yield","83","Sorghum","2002","2002","hg/ha","24561","Fc","Calculated data"
"QCL","Crops and livestock products","10","Australia","5419","Yield","83","Sorghum","2003","2003","hg/ha","21966","Fc","Calculated data"
"QCL","Crops and livestock products","10","Australia","5419","Yield","83","Sorghum","2004","2004","hg/ha","27367","Fc","Calculated data"
"QCL","Crops and livestock products","10","Australia","5419","Yield","83","Sorghum","2005","2005","hg/ha","26629","Fc","Calculated data"
"QCL","Crops and livestock products","10","Australia","5419","Yield","83","Sorghum","2006","2006","hg/ha","25205","Fc","Calculated data"
"QCL","Crops and livestock products","10","Australia","5419","Yield","83","Sorghum","2007","2007","hg/ha","20918","Fc","Calculated data"
"QCL","Crops and livestock products","10","Australia","5419","Yield","83","Sorghum","2008","2008","hg/ha","40252","Fc","Calculated data"
"QCL","Crops and livestock products","10","Australia","5419","Yield","83","Sorghum","2009","2009","hg/ha","35096","Fc","Calculated data"
"QCL","Crops and livestock products","10","Australia","5419","Yield","83","Sorghum","2010","2010","hg/ha","30279","Fc","Calculated data"
"QCL","Crops and livestock products","10","Australia","5419","Yield","83","Sorghum","2011","2011","hg/ha","30558","Fc","Calculated data"
"QCL","Crops and livestock products","10","Australia","5419","Yield","83","Sorghum","2012","2012","hg/ha","33960","Fc","Calculated data"
"QCL","Crops and livestock products","10","Australia","5419","Yield","83","Sorghum","2013","2013","hg/ha","34419","Fc","Calculated data"
"QCL","Crops and livestock products","10","Australia","5419","Yield","83","Sorghum","2014","2014","hg/ha","24099","Fc","Calculated data"
"QCL","Crops and livestock products","10","Australia","5419","Yield","83","Sorghum","2015","2015","hg/ha","30160","Fc","Calculated data"
"QCL","Crops and livestock products","10","Australia","5419","Yield","83","Sorghum","2016","2016","hg/ha","34399","Fc","Calculated data"
"QCL","Crops and livestock products","10","Australia","5419","Yield","83","Sorghum","2017","2017","hg/ha","27017","Fc","Calculated data"
"QCL","Crops and livestock products","10","Australia","5419","Yield","83","Sorghum","2018","2018","hg/ha","27201","Fc","Calculated data"
"QCL","Crops and livestock products","10","Australia","5419","Yield","83","Sorghum","2019","2019","hg/ha","21089","Fc","Calculated data"
"QCL","Crops and livestock products","10","Australia","5419","Yield","83","Sorghum","2020","2020","hg/ha","19474","Fc","Calculated data"
"QCL","Crops and livestock products","10","Australia","5510","Production","83","Sorghum","1990","1990","tonnes","945653","","Official data"
"QCL","Crops and livestock products","10","Australia","5510","Production","83","Sorghum","1991","1991","tonnes","750512","","Official data"
"QCL","Crops and livestock products","10","Australia","5510","Production","83","Sorghum","1992","1992","tonnes","1447380","","Official data"
"QCL","Crops and livestock products","10","Australia","5510","Production","83","Sorghum","1993","1993","tonnes","548016","","Official data"
"QCL","Crops and livestock products","10","Australia","5510","Production","83","Sorghum","1994","1994","tonnes","1083700","","Official data"
"QCL","Crops and livestock products","10","Australia","5510","Production","83","Sorghum","1995","1995","tonnes","1273300","","Official data"
"QCL","Crops and livestock products","10","Australia","5510","Production","83","Sorghum","1996","1996","tonnes","1591970","","Official data"
"QCL","Crops and livestock products","10","Australia","5510","Production","83","Sorghum","1997","1997","tonnes","1424990","","Official data"
"QCL","Crops and livestock products","10","Australia","5510","Production","83","Sorghum","1998","1998","tonnes","1081000","","Official data"
"QCL","Crops and livestock products","10","Australia","5510","Production","83","Sorghum","1999","1999","tonnes","1891000","","Official data"
"QCL","Crops and livestock products","10","Australia","5510","Production","83","Sorghum","2000","2000","tonnes","2115912","","Official data"
"QCL","Crops and livestock products","10","Australia","5510","Production","83","Sorghum","2001","2001","tonnes","1935140","","Official data"
"QCL","Crops and livestock products","10","Australia","5510","Production","83","Sorghum","2002","2002","tonnes","2020844","","Official data"
"QCL","Crops and livestock products","10","Australia","5510","Production","83","Sorghum","2003","2003","tonnes","1464510","","Official data"
"QCL","Crops and livestock products","10","Australia","5510","Production","83","Sorghum","2004","2004","tonnes","2009373","","Official data"
"QCL","Crops and livestock products","10","Australia","5510","Production","83","Sorghum","2005","2005","tonnes","2010574","","Official data"
"QCL","Crops and livestock products","10","Australia","5510","Production","83","Sorghum","2006","2006","tonnes","1932447","","Official data"
"QCL","Crops and livestock products","10","Australia","5510","Production","83","Sorghum","2007","2007","tonnes","1283009","","Official data"
"QCL","Crops and livestock products","10","Australia","5510","Production","83","Sorghum","2008","2008","tonnes","3789931","","Official data"
"QCL","Crops and livestock products","10","Australia","5510","Production","83","Sorghum","2009","2009","tonnes","2691789","","Official data"
"QCL","Crops and livestock products","10","Australia","5510","Production","83","Sorghum","2010","2010","tonnes","1507635","","Official data"
"QCL","Crops and livestock products","10","Australia","5510","Production","83","Sorghum","2011","2011","tonnes","1934510","","Official data"
"QCL","Crops and livestock products","10","Australia","5510","Production","83","Sorghum","2012","2012","tonnes","2238912","","Official data"
"QCL","Crops and livestock products","10","Australia","5510","Production","83","Sorghum","2013","2013","tonnes","2229709","","Official data"
"QCL","Crops and livestock products","10","Australia","5510","Production","83","Sorghum","2014","2014","tonnes","1282042","","Official data"
"QCL","Crops and livestock products","10","Australia","5510","Production","83","Sorghum","2015","2015","tonnes","2209173","","Official data"
"QCL","Crops and livestock products","10","Australia","5510","Production","83","Sorghum","2016","2016","tonnes","1790574","","Official data"
"QCL","Crops and livestock products","10","Australia","5510","Production","83","Sorghum","2017","2017","tonnes","994001","","Official data"
"QCL","Crops and livestock products","10","Australia","5510","Production","83","Sorghum","2018","2018","tonnes","1257219","","Official data"
"QCL","Crops and livestock products","10","Australia","5510","Production","83","Sorghum","2019","2019","tonnes","1160479","","Official data"
"QCL","Crops and livestock products","10","Australia","5510","Production","83","Sorghum","2020","2020","tonnes","397485","","Official data"
"QCL","Crops and livestock products","10","Australia","5312","Area harvested","15","Wheat","1990","1990","ha","9218091","","Official data"
"QCL","Crops and livestock products","10","Australia","5312","Area harvested","15","Wheat","1991","1991","ha","7183000","","Official data"
"QCL","Crops and livestock products","10","Australia","5312","Area harvested","15","Wheat","1992","1992","ha","8274614","","Official data"
"QCL","Crops and livestock products","10","Australia","5312","Area harvested","15","Wheat","1993","1993","ha","8383000","","Official data"
"QCL","Crops and livestock products","10","Australia","5312","Area harvested","15","Wheat","1994","1994","ha","7890690","","Official data"
"QCL","Crops and livestock products","10","Australia","5312","Area harvested","15","Wheat","1995","1995","ha","9220820","","Official data"
"QCL","Crops and livestock products","10","Australia","5312","Area harvested","15","Wheat","1996","1996","ha","10936000","","Official data"
"QCL","Crops and livestock products","10","Australia","5312","Area harvested","15","Wheat","1997","1997","ha","10441000","","Official data"
"QCL","Crops and livestock products","10","Australia","5312","Area harvested","15","Wheat","1998","1998","ha","11543000","","Official data"
"QCL","Crops and livestock products","10","Australia","5312","Area harvested","15","Wheat","1999","1999","ha","12338000","","Official data"
"QCL","Crops and livestock products","10","Australia","5312","Area harvested","15","Wheat","2000","2000","ha","12141000","","Official data"
"QCL","Crops and livestock products","10","Australia","5312","Area harvested","15","Wheat","2001","2001","ha","12141389","","Official data"
"QCL","Crops and livestock products","10","Australia","5312","Area harvested","15","Wheat","2002","2002","ha","11529155","","Official data"
"QCL","Crops and livestock products","10","Australia","5312","Area harvested","15","Wheat","2003","2003","ha","11170280","","Official data"
"QCL","Crops and livestock products","10","Australia","5312","Area harvested","15","Wheat","2004","2004","ha","13067077","","Official data"
"QCL","Crops and livestock products","10","Australia","5312","Area harvested","15","Wheat","2005","2005","ha","13399397","","Official data"
"QCL","Crops and livestock products","10","Australia","5312","Area harvested","15","Wheat","2006","2006","ha","12442719","","Official data"
"QCL","Crops and livestock products","10","Australia","5312","Area harvested","15","Wheat","2007","2007","ha","11797888","","Official data"
"QCL","Crops and livestock products","10","Australia","5312","Area harvested","15","Wheat","2008","2008","ha","12578309","","Official data"
"QCL","Crops and livestock products","10","Australia","5312","Area harvested","15","Wheat","2009","2009","ha","13530196","","Official data"
"QCL","Crops and livestock products","10","Australia","5312","Area harvested","15","Wheat","2010","2010","ha","13881030","","Official data"
"QCL","Crops and livestock products","10","Australia","5312","Area harvested","15","Wheat","2011","2011","ha","13501780","","Official data"
"QCL","Crops and livestock products","10","Australia","5312","Area harvested","15","Wheat","2012","2012","ha","13902140","","Official data"
"QCL","Crops and livestock products","10","Australia","5312","Area harvested","15","Wheat","2013","2013","ha","12979382","","Official data"
"QCL","Crops and livestock products","10","Australia","5312","Area harvested","15","Wheat","2014","2014","ha","12613226","","Official data"
"QCL","Crops and livestock products","10","Australia","5312","Area harvested","15","Wheat","2015","2015","ha","12383673","","Official data"
"QCL","Crops and livestock products","10","Australia","5312","Area harvested","15","Wheat","2016","2016","ha","11282202","","Official data"
"QCL","Crops and livestock products","10","Australia","5312","Area harvested","15","Wheat","2017","2017","ha","12191153","","Official data"
"QCL","Crops and livestock products","10","Australia","5312","Area harvested","15","Wheat","2018","2018","ha","10919180","","Official data"
"QCL","Crops and livestock products","10","Australia","5312","Area harvested","15","Wheat","2019","2019","ha","10402271","","Official data"
"QCL","Crops and livestock products","10","Australia","5312","Area harvested","15","Wheat","2020","2020","ha","9863184","","Official data"
"QCL","Crops and livestock products","10","Australia","5419","Yield","15","Wheat","1990","1990","hg/ha","16344","Fc","Calculated data"
"QCL","Crops and livestock products","10","Australia","5419","Yield","15","Wheat","1991","1991","hg/ha","14698","Fc","Calculated data"
"QCL","Crops and livestock products","10","Australia","5419","Yield","15","Wheat","1992","1992","hg/ha","17812","Fc","Calculated data"
"QCL","Crops and livestock products","10","Australia","5419","Yield","15","Wheat","1993","1993","hg/ha","19658","Fc","Calculated data"
"QCL","Crops and livestock products","10","Australia","5419","Yield","15","Wheat","1994","1994","hg/ha","11356","Fc","Calculated data"
"QCL","Crops and livestock products","10","Australia","5419","Yield","15","Wheat","1995","1995","hg/ha","17899","Fc","Calculated data"
"QCL","Crops and livestock products","10","Australia","5419","Yield","15","Wheat","1996","1996","hg/ha","21673","Fc","Calculated data"
"QCL","Crops and livestock products","10","Australia","5419","Yield","15","Wheat","1997","1997","hg/ha","18412","Fc","Calculated data"
"QCL","Crops and livestock products","10","Australia","5419","Yield","15","Wheat","1998","1998","hg/ha","19153","Fc","Calculated data"
"QCL","Crops and livestock products","10","Australia","5419","Yield","15","Wheat","1999","1999","hg/ha","20066","Fc","Calculated data"
"QCL","Crops and livestock products","10","Australia","5419","Yield","15","Wheat","2000","2000","hg/ha","18209","Fc","Calculated data"
"QCL","Crops and livestock products","10","Australia","5419","Yield","15","Wheat","2001","2001","hg/ha","18209","Fc","Calculated data"
"QCL","Crops and livestock products","10","Australia","5419","Yield","15","Wheat","2002","2002","hg/ha","21076","Fc","Calculated data"
"QCL","Crops and livestock products","10","Australia","5419","Yield","15","Wheat","2003","2003","hg/ha","9070","Fc","Calculated data"
"QCL","Crops and livestock products","10","Australia","5419","Yield","15","Wheat","2004","2004","hg/ha","19998","Fc","Calculated data"
"QCL","Crops and livestock products","10","Australia","5419","Yield","15","Wheat","2005","2005","hg/ha","16348","Fc","Calculated data"
"QCL","Crops and livestock products","10","Australia","5419","Yield","15","Wheat","2006","2006","hg/ha","20213","Fc","Calculated data"
"QCL","Crops and livestock products","10","Australia","5419","Yield","15","Wheat","2007","2007","hg/ha","9173","Fc","Calculated data"
"QCL","Crops and livestock products","10","Australia","5419","Yield","15","Wheat","2008","2008","hg/ha","10788","Fc","Calculated data"
"QCL","Crops and livestock products","10","Australia","5419","Yield","15","Wheat","2009","2009","hg/ha","15831","Fc","Calculated data"
"QCL","Crops and livestock products","10","Australia","5419","Yield","15","Wheat","2010","2010","hg/ha","15729","Fc","Calculated data"
"QCL","Crops and livestock products","10","Australia","5419","Yield","15","Wheat","2011","2011","hg/ha","20301","Fc","Calculated data"
"QCL","Crops and livestock products","10","Australia","5419","Yield","15","Wheat","2012","2012","hg/ha","21511","Fc","Calculated data"
"QCL","Crops and livestock products","10","Australia","5419","Yield","15","Wheat","2013","2013","hg/ha","17609","Fc","Calculated data"
"QCL","Crops and livestock products","10","Australia","5419","Yield","15","Wheat","2014","2014","hg/ha","20061","Fc","Calculated data"
"QCL","Crops and livestock products","10","Australia","5419","Yield","15","Wheat","2015","2015","hg/ha","19172","Fc","Calculated data"
"QCL","Crops and livestock products","10","Australia","5419","Yield","15","Wheat","2016","2016","hg/ha","19743","Fc","Calculated data"
"QCL","Crops and livestock products","10","Australia","5419","Yield","15","Wheat","2017","2017","hg/ha","26100","Fc","Calculated data"
"QCL","Crops and livestock products","10","Australia","5419","Yield","15","Wheat","2018","2018","hg/ha","19178","Fc","Calculated data"
"QCL","Crops and livestock products","10","Australia","5419","Yield","15","Wheat","2019","2019","hg/ha","16917","Fc","Calculated data"
"QCL","Crops and livestock products","10","Australia","5419","Yield","15","Wheat","2020","2020","hg/ha","14681","Fc","Calculated data"
"QCL","Crops and livestock products","10","Australia","5510","Production","15","Wheat","1990","1990","tonnes","15066100","","Official data"
"QCL","Crops and livestock products","10","Australia","5510","Production","15","Wheat","1991","1991","tonnes","10557400","","Official data"
"QCL","Crops and livestock products","10","Australia","5510","Production","15","Wheat","1992","1992","tonnes","14738678","","Official data"
"QCL","Crops and livestock products","10","Australia","5510","Production","15","Wheat","1993","1993","tonnes","16479000","","Official data"
"QCL","Crops and livestock products","10","Australia","5510","Production","15","Wheat","1994","1994","tonnes","8961000","","Official data"
"QCL","Crops and livestock products","10","Australia","5510","Production","15","Wheat","1995","1995","tonnes","16504000","","Official data"
"QCL","Crops and livestock products","10","Australia","5510","Production","15","Wheat","1996","1996","tonnes","23702000","","Official data"
"QCL","Crops and livestock products","10","Australia","5510","Production","15","Wheat","1997","1997","tonnes","19224000","","Official data"
"QCL","Crops and livestock products","10","Australia","5510","Production","15","Wheat","1998","1998","tonnes","22108000","","Official data"
"QCL","Crops and livestock products","10","Australia","5510","Production","15","Wheat","1999","1999","tonnes","24757000","","Official data"
"QCL","Crops and livestock products","10","Australia","5510","Production","15","Wheat","2000","2000","tonnes","22108000","","Official data"
"QCL","Crops and livestock products","10","Australia","5510","Production","15","Wheat","2001","2001","tonnes","22108078","","Official data"
"QCL","Crops and livestock products","10","Australia","5510","Production","15","Wheat","2002","2002","tonnes","24299335","","Official data"
"QCL","Crops and livestock products","10","Australia","5510","Production","15","Wheat","2003","2003","tonnes","10131924","","Official data"
"QCL","Crops and livestock products","10","Australia","5510","Production","15","Wheat","2004","2004","tonnes","26131870","","Official data"
"QCL","Crops and livestock products","10","Australia","5510","Production","15","Wheat","2005","2005","tonnes","21905113","","Official data"
"QCL","Crops and livestock products","10","Australia","5510","Production","15","Wheat","2006","2006","tonnes","25150343","","Official data"
"QCL","Crops and livestock products","10","Australia","5510","Production","15","Wheat","2007","2007","tonnes","10821628","","Official data"
"QCL","Crops and livestock products","10","Australia","5510","Production","15","Wheat","2008","2008","tonnes","13569378","","Official data"
"QCL","Crops and livestock products","10","Australia","5510","Production","15","Wheat","2009","2009","tonnes","21420177","","Official data"
"QCL","Crops and livestock products","10","Australia","5510","Production","15","Wheat","2010","2010","tonnes","21834010","","Official data"
"QCL","Crops and livestock products","10","Australia","5510","Production","15","Wheat","2011","2011","tonnes","27410076","","Official data"
"QCL","Crops and livestock products","10","Australia","5510","Production","15","Wheat","2012","2012","tonnes","29905009","","Official data"
"QCL","Crops and livestock products","10","Australia","5510","Production","15","Wheat","2013","2013","tonnes","22855576","","Official data"
"QCL","Crops and livestock products","10","Australia","5510","Production","15","Wheat","2014","2014","tonnes","25303037","","Official data"
"QCL","Crops and livestock products","10","Australia","5510","Production","15","Wheat","2015","2015","tonnes","23742560","","Official data"
"QCL","Crops and livestock products","10","Australia","5510","Production","15","Wheat","2016","2016","tonnes","22274514","","Official data"
"QCL","Crops and livestock products","10","Australia","5510","Production","15","Wheat","2017","2017","tonnes","31818744","","Official data"
"QCL","Crops and livestock products","10","Australia","5510","Production","15","Wheat","2018","2018","tonnes","20941134","","Official data"
"QCL","Crops and livestock products","10","Australia","5510","Production","15","Wheat","2019","2019","tonnes","17597561","","Official data"
"QCL","Crops and livestock products","10","Australia","5510","Production","15","Wheat","2020","2020","tonnes","14480217","","Official data"
